Descripción,Descripción,Descripción,Fechas de pago,Fechas de pago,Fechas de pago,Fechas de pago,Últ. operación,Últ. operación,Últ. operación,Últ. operación,Últ. operación,Últ. operación,Últ. operación,Últ. operación,Últ. operación,Últ. operación,Últ. operación,Últ. operación,Últ. operación,Últ. operación,Últ. operación,Últ. operación,Descripción,Descripción,Descripción,Descripción,Descripción,Descripción,Cond. de emisión,Cond. de emisión,Cond. de emisión,Cond. de emisión,Cond. de emisión,Cond. de emisión,Cond. de emisión,Cond. de emisión,Cond. de emisión,Cond. de emisión,Cond. de emisión,Cond. de emisión,Cond. de emisión,Cond. de emisión,Cond. de emisión,Cond. de emisión
Estado,Emisor,Ticker,Emisión,Vencimiento,Próximo pago,Último pago,Fuente,Fecha,Precio dirty,Precio clean,Precio (prom.),Monto acum. ($),Monto acum. (VN),TNA,TEA,TEM,Margen (TNA),Dur.,Dur. mod.,Rend. corriente,Paridad,Convexidad,Denominación,Tipo activo,Clase,Serie,ISIN,Convención int.,Moneda denom.,Moneda pago,Periodicidad int.,Tipo cupón,Tasa int.,Margen ref.,Tasa ref.,Lámina mín.,Operación mín.,VN vigente,VR vigente,Valor Residual,Jurisdicción pago,Legislación,Referencias,Callable
,Argentina,S31L6,2026-01-30T00:00:00.000Z,2026-07-31T00:00:00.000Z,2026-07-31T00:00:00.000Z,2026-01-30T00:00:00.000Z,1816,2026-07-27T19:53:16.000Z,117.48,100.02,,14983005620.29,12753454996.00,20.48%,22.10%,1.68%,,0.01,0.01,35.35%,100.02%,0.01,GOB ARS ARG Lecap (S31L6),Títulos Públicos,,,AR0377625857,90/360,ARS,ARS,Nula,Fijo,2.75%,,,1.00,1.00,2917921649331.00,2917921649331.00,100.00%,Argentina,Argentina,,No
,Argentina,X31L6,2026-01-30T00:00:00.000Z,2026-07-31T00:00:00.000Z,2026-07-31T00:00:00.000Z,2026-01-30T00:00:00.000Z,1816,2026-07-27T19:56:44.000Z,117.75,117.75,,15494476353.57,13157603033.00,-3.60%,-3.55%,-0.30%,,0.01,0.01,,100.03%,0.01,GOB ARS ARG Lecer (X31L6),Títulos Públicos,,,AR0189940411,90/360,ARS,ARS,Nula,Cero,,,,1.00,1.00,1410156860650.00,1410156860650.00,100.00%,Argentina,Argentina,CER,No
,Argentina,S14G6,2026-04-17T00:00:00.000Z,2026-08-14T00:00:00.000Z,2026-08-14T00:00:00.000Z,2026-04-17T00:00:00.000Z,1816,2026-07-27T20:00:21.000Z,106.90,100.01,,86389690535.34,80802204060.00,23.20%,25.30%,1.90%,,0.05,0.05,24.70%,100.01%,0.03,GOB ARS ARG Lecap (S14G6),Títulos Públicos,,,AR0077601562,90/360,ARS,ARS,Nula,Fijo,2.00%,,,1.00,1.00,4147233893478.00,4147233893478.00,100.00%,Argentina,Argentina,,No
,Argentina,M31G6,2025-11-10T00:00:00.000Z,2026-08-31T00:00:00.000Z,2026-08-31T00:00:00.000Z,2025-11-10T00:00:00.000Z,1816,2026-07-27T19:55:15.000Z,127.14,100.65,,8953099155.09,7041793385.00,23.67%,25.86%,1.93%,0.80%,0.09,0.09,36.74%,100.51%,0.06,GOB ARS ARG Tamar (M31G6),Títulos Públicos,,,AR0593866319,90/360,ARS,ARS,Nula,Variable,32.81%,5.00%,Tamar,1.00,1.00,5506827804760.00,5506827804760.00,100.00%,Argentina,Argentina,Tamar,No
,Argentina,S31G6,2025-11-10T00:00:00.000Z,2026-08-31T00:00:00.000Z,2026-08-31T00:00:00.000Z,2025-11-10T00:00:00.000Z,1816,2026-07-27T20:00:01.000Z,124.48,100.82,,34165139149.68,27509798564.00,22.68%,24.68%,1.86%,,0.09,0.09,33.21%,100.66%,0.06,GOB ARS ARG Lecap (S31G6),Títulos Públicos,,,AR0960697990,90/360,ARS,ARS,Nula,Fijo,2.50%,,,1.00,1.00,2220011479572.00,2220011479572.00,100.00%,Argentina,Argentina,,No
,Argentina,S15S6,2026-05-29T00:00:00.000Z,2026-09-15T00:00:00.000Z,2026-09-15T00:00:00.000Z,2026-05-29T00:00:00.000Z,1816,2026-07-27T20:00:13.000Z,103.96,100.01,,33673354010.93,32389867464.00,23.60%,25.77%,1.93%,,0.13,0.13,24.48%,100.01%,0.09,GOB ARS ARG Lecap (S15S6),Títulos Públicos,,,AR0614758420,90/360,ARS,ARS,Nula,Fijo,1.99%,,,1.00,1.00,4018901468382.00,4018901468382.00,100.00%,Argentina,Argentina,,No
,Argentina,X30S6,2026-03-16T00:00:00.000Z,2026-09-30T00:00:00.000Z,2026-09-30T00:00:00.000Z,2026-03-16T00:00:00.000Z,1816,2026-07-27T19:56:30.000Z,112.76,112.76,,6279572145.30,5591178026.00,0.53%,0.53%,0.04%,,0.18,0.18,,99.91%,0.20,GOB ARS ARG Lecer (X30S6),Títulos Públicos,,,AR0362438175,90/360,ARS,ARS,Nula,Cero,,,,1.00,1.00,1117884153820.00,1117884153820.00,100.00%,Argentina,Argentina,CER,No
,Argentina,S30S6,2026-03-16T00:00:00.000Z,2026-09-30T00:00:00.000Z,2026-09-30T00:00:00.000Z,2026-03-16T00:00:00.000Z,1816,2026-07-27T20:00:07.000Z,112.88,101.26,,179805366184.90,159264994012.00,23.72%,25.91%,1.94%,,0.18,0.17,32.14%,101.13%,0.13,GOB ARS ARG Lecap (S30S6),Títulos Públicos,,,AR0379015875,90/360,ARS,ARS,Nula,Fijo,2.53%,,,1.00,1.00,4779220927749.00,4779220927749.00,100.00%,Argentina,Argentina,,No
,Argentina,TO26,2016-10-17T00:00:00.000Z,2026-10-17T00:00:00.000Z,2026-10-17T00:00:00.000Z,2026-04-17T00:00:00.000Z,1816,2026-07-27T19:56:55.000Z,102.40,98.05,,1591297250.43,1557481460.00,23.03%,25.10%,1.88%,,0.23,0.20,15.81%,98.13%,0.13,GOB ARS ARG Bote (TO26),Títulos Públicos,,,ARARGE4502K0,90/360,ARS,ARS,Semestral,Fijo,15.50%,,,1.00,1.00,96569713740.00,96569713740.00,100.00%,Argentina,Argentina,,No
,Argentina,S30O6,2025-10-31T00:00:00.000Z,2026-10-30T00:00:00.000Z,2026-10-30T00:00:00.000Z,2025-10-31T00:00:00.000Z,1816,2026-07-27T19:52:45.000Z,127.53,102.30,,7047080695.56,5521370570.00,23.57%,25.74%,1.93%,,0.26,0.24,34.48%,101.84%,0.20,GOB ARS ARG Lecap (S30O6),Títulos Públicos,,,AR0475783251,90/360,ARS,ARS,Nula,Fijo,2.55%,,,1.00,1.00,7970786028328.00,7970786028328.00,100.00%,Argentina,Argentina,,No
,Argentina,TZXO6,2024-10-31T00:00:00.000Z,2026-10-30T00:00:00.000Z,2026-10-30T00:00:00.000Z,2024-10-31T00:00:00.000Z,1816,2026-07-27T20:00:16.000Z,167.30,167.30,,46092033275.62,27551402429.00,1.79%,1.80%,0.15%,,0.26,0.26,,99.54%,0.31,GOB ARS ARG Boncer (TZXO6),Títulos Públicos,,,AR0881212424,90/360,ARS,ARS,Nula,Cero,,,,1.00,1.00,3571218397355.00,3571218397355.00,100.00%,Argentina,Argentina,CER,No
,Argentina,TX26,2020-09-04T00:00:00.000Z,2026-11-09T00:00:00.000Z,2026-11-09T00:00:00.000Z,2026-05-09T00:00:00.000Z,1816,2026-07-27T20:00:09.000Z,718.00,3574.29,,15888961895.50,2214278054.00,2.48%,2.51%,0.21%,,0.28,0.28,2.00%,99.85%,0.21,GOB ARS ARG Boncer (TX26),Títulos Públicos,,,ARARGE3209W8,90/360,ARS,ARS,Semestral,Fijo,2.00%,,,1.00,1.00,222131126534.00,44426225306.80,20.00%,Argentina,Argentina,CER,No
,Argentina,S13N6,2026-06-30T00:00:00.000Z,2026-11-13T00:00:00.000Z,2026-11-13T00:00:00.000Z,2026-06-30T00:00:00.000Z,1816,2026-07-27T20:00:12.000Z,102.38,100.42,,46846514055.22,45759485646.00,23.87%,26.10%,1.95%,,0.30,0.28,26.01%,100.41%,0.24,GOB ARS ARG Lecap (S13N6),Títulos Públicos,,,AR0087656622,90/360,ARS,ARS,Nula,Fijo,2.10%,,,1.00,1.00,4178076198085.00,4178076198085.00,100.00%,Argentina,Argentina,,No
,Argentina,X30N6,2025-12-15T00:00:00.000Z,2026-11-30T00:00:00.000Z,2026-11-30T00:00:00.000Z,2025-12-15T00:00:00.000Z,1816,2026-07-27T19:51:49.000Z,121.18,121.18,,5063496451.75,4182585609.00,2.77%,2.80%,0.23%,,0.34,0.34,,99.06%,0.43,GOB ARS ARG Lecer (X30N6),Títulos Públicos,,,AR0933792183,90/360,ARS,ARS,Nula,Cero,,,,1.00,1.00,5449040821147.00,5449040821147.00,100.00%,Argentina,Argentina,CER,No
,Argentina,S30N6,2025-12-15T00:00:00.000Z,2026-11-30T00:00:00.000Z,2026-11-30T00:00:00.000Z,2025-12-15T00:00:00.000Z,1816,2026-07-27T20:00:18.000Z,119.93,101.52,,19112224669.47,15935829317.00,23.98%,26.22%,1.96%,,0.34,0.32,30.72%,101.28%,0.29,GOB ARS ARG Lecap (S30N6),Títulos Públicos,,,AR0451031345,90/360,ARS,ARS,Nula,Fijo,2.30%,,,1.00,1.00,3780310600647.00,3780310600647.00,100.00%,Argentina,Argentina,,No
,Argentina,TZXD6,2024-03-15T00:00:00.000Z,2026-12-15T00:00:00.000Z,2026-12-15T00:00:00.000Z,2024-03-15T00:00:00.000Z,1816,2026-07-27T20:00:03.000Z,294.40,294.40,,76280060928.14,25919964818.00,2.94%,2.98%,0.24%,,0.38,0.38,,98.88%,0.50,GOB ARS ARG Boncer (TZXD6),Títulos Públicos,,,AR0465304779,90/360,ARS,ARS,Nula,Cero,,,,1.00,1.00,8870756582981.00,8870756582981.00,100.00%,Argentina,Argentina,CER,No
,Argentina,T15E7,2025-01-31T00:00:00.000Z,2027-01-15T00:00:00.000Z,2027-01-15T00:00:00.000Z,2025-01-31T00:00:00.000Z,1816,2026-07-27T19:53:40.000Z,144.52,100.62,,1289229142.67,891921636.00,23.87%,26.10%,1.95%,,0.47,0.42,31.01%,100.43%,0.43,GOB ARS ARG Boncap (T15E7),Títulos Públicos,,,AR0350916307,90/360,ARS,ARS,Nula,Fijo,2.05%,,,1.00,1.00,10576416371062.00,10576416371062.00,100.00%,Argentina,Argentina,,No
,Argentina,TMF27,2026-02-13T00:00:00.000Z,2027-02-26T00:00:00.000Z,2027-02-26T00:00:00.000Z,2026-02-13T00:00:00.000Z,1816,2026-07-27T19:50:01.000Z,117.80,102.22,,10492599922.14,8895985429.00,26.38%,29.10%,2.15%,3.50%,0.58,0.50,34.69%,101.92%,0.55,GOB ARS ARG Tamar (TMF27),Títulos Públicos,,,AR0466764872,90/360,ARS,ARS,Nula,Variable,30.58%,6.50%,Tamar,1.00,1.00,3906522030997.00,3906522030997.00,100.00%,Argentina,Argentina,Tamar,No
,Argentina,TZXM7,2024-05-20T00:00:00.000Z,2027-03-31T00:00:00.000Z,2027-03-31T00:00:00.000Z,2024-05-20T00:00:00.000Z,1816,2026-07-27T20:00:14.000Z,217.50,217.50,,25291424972.80,11633109185.00,3.96%,4.02%,0.33%,,0.67,0.66,,97.38%,1.04,GOB ARS ARG Boncer (TZXM7),Títulos Públicos,,,AR0465885959,90/360,ARS,ARS,Nula,Cero,,,,1.00,1.00,1998423757107.00,1998423757107.00,100.00%,Argentina,Argentina,CER,No
,Argentina,T30A7,2025-10-31T00:00:00.000Z,2027-04-30T00:00:00.000Z,2027-04-30T00:00:00.000Z,2025-10-31T00:00:00.000Z,1816,2026-07-27T20:00:27.000Z,131.42,106.20,,144135997819.42,109788615552.00,24.52%,26.87%,2.00%,,0.76,0.63,36.00%,104.95%,0.82,GOB ARS ARG Boncap (T30A7),Títulos Públicos,,,AR0224546884,90/360,ARS,ARS,Nula,Fijo,2.55%,,,1.00,1.00,10526213396790.00,10526213396790.00,100.00%,Argentina,Argentina,,No
,Argentina,TZXA7,2025-11-28T00:00:00.000Z,2027-04-30T00:00:00.000Z,2027-04-30T00:00:00.000Z,2025-11-28T00:00:00.000Z,1816,2026-07-27T20:00:02.000Z,120.00,120.00,,88377141.46,73647490.00,4.13%,4.20%,0.34%,,0.76,0.73,,96.94%,1.22,GOB ARS ARG Boncer (TZXA7),Títulos Públicos,,,AR0320223842,90/360,ARS,ARS,Nula,Cero,,,,1.00,1.00,370752342476.00,370752342476.00,100.00%,Argentina,Argentina,CER,No
,Argentina,TY30P @PUT,2025-06-04T00:00:00.000Z,2027-05-30T00:00:00.000Z,2026-11-30T00:00:00.000Z,2026-05-30T00:00:00.000Z,1816,2026-07-27T19:45:42.000Z,113.05,108.30,,6812160889.12,6026964013.00,17.75%,18.97%,1.46%,,0.78,0.71,27.24%,107.92%,0.86,GOB ARS ARG Bote (TY30P) @PUT,Títulos Públicos,,,AR0193433734,90/360,ARS,ARS,Semestral,Fijo,29.50%,,,1.00,1.00,1691807339451.00,1691807339451.00,100.00%,Argentina,Argentina,,No
,Argentina,TZXY7,2025-12-15T00:00:00.000Z,2027-05-31T00:00:00.000Z,2027-05-31T00:00:00.000Z,2025-12-15T00:00:00.000Z,1816,2026-07-27T19:53:05.000Z,118.50,118.50,,70529038.04,59487655.00,3.80%,3.85%,0.32%,,0.84,0.81,,96.87%,1.44,GOB ARS ARG Boncer (TZXY7),Títulos Públicos,,,AR0286465007,90/360,ARS,ARS,Nula,Cero,,,,1.00,1.00,3371027347271.00,3371027347271.00,100.00%,Argentina,Argentina,CER,No
,Argentina,T31Y7,2025-12-15T00:00:00.000Z,2027-05-31T00:00:00.000Z,2027-05-31T00:00:00.000Z,2025-12-15T00:00:00.000Z,1816,2026-07-27T19:47:43.000Z,124.05,104.77,,61550123426.04,49645675157.00,24.54%,26.89%,2.00%,,0.84,0.69,33.68%,104.00%,0.96,GOB ARS ARG Boncap (T31Y7),Títulos Públicos,,,AR0571277315,90/360,ARS,ARS,Nula,Fijo,2.40%,,,1.00,1.00,6966132012225.00,6966132012225.00,100.00%,Argentina,Argentina,,No
,Argentina,T30J7,2026-01-16T00:00:00.000Z,2027-06-30T00:00:00.000Z,2027-06-30T00:00:00.000Z,2026-01-16T00:00:00.000Z,1816,2026-07-27T19:56:35.000Z,125.60,107.89,,10497960198.66,8366712263.00,24.21%,26.49%,1.98%,,0.92,0.74,35.68%,106.71%,1.11,GOB ARS ARG Boncap (T30J7),Títulos Públicos,,,AR0987861058,90/360,ARS,ARS,Nula,Fijo,2.58%,,,1.00,1.00,7968644928007.00,7968644928007.00,100.00%,Argentina,Argentina,,No
,Argentina,TZX27,2024-02-01T00:00:00.000Z,2027-06-30T00:00:00.000Z,2027-06-30T00:00:00.000Z,2024-02-01T00:00:00.000Z,1816,2026-07-27T19:56:18.000Z,388.00,388.00,,487769772.95,125825740.00,4.05%,4.11%,0.34%,,0.92,0.89,,96.35%,1.64,GOB ARS ARG Boncer (TZX27),Títulos Públicos,,,AR0487777218,90/360,ARS,ARS,Nula,Cero,,,,1.00,1.00,2522244610036.00,2522244610036.00,100.00%,Argentina,Argentina,CER,No
,Argentina,TML27,2026-06-30T00:00:00.000Z,2027-07-30T00:00:00.000Z,2027-07-30T00:00:00.000Z,2026-06-30T00:00:00.000Z,1816,2026-07-27T19:30:27.000Z,103.95,101.79,,6626911669.88,6341720888.00,27.07%,29.94%,2.21%,4.19%,1.01,0.77,,101.75%,1.19,GOB ARS ARG Tamar (TML27),Títulos Públicos,,,AR0033716868,90/360,ARS,ARS,Nula,Variable,28.20%,5.40%,Tamar,1.00,1.00,2425481668268.00,2425481668268.00,100.00%,Argentina,Argentina,Tamar,No
,Argentina,TMG27,2026-04-01T00:00:00.000Z,2027-08-31T00:00:00.000Z,2027-08-31T00:00:00.000Z,2026-04-01T00:00:00.000Z,1816,2026-07-27T19:36:09.000Z,111.80,101.96,,251670941.41,224381784.00,27.79%,30.82%,2.26%,4.91%,1.09,0.81,,101.79%,1.33,GOB ARS ARG Tamar (TMG27),Títulos Públicos,,,AR0845182473,90/360,ARS,ARS,Nula,Variable,28.94%,6.00%,Tamar,1.00,1.00,1535738988456.00,1535738988456.00,100.00%,Argentina,Argentina,Tamar,No
,Argentina,TZXS7,2026-03-31T00:00:00.000Z,2027-09-30T00:00:00.000Z,2027-09-30T00:00:00.000Z,2026-03-31T00:00:00.000Z,1816,2026-07-27T19:55:09.000Z,104.20,104.20,,30385161851.48,29142108636.00,5.89%,6.02%,0.49%,,1.18,1.10,,93.36%,2.27,GOB ARS ARG Boncer (TZXS7),Títulos Públicos,,,AR0612098712,90/360,ARS,ARS,Nula,Cero,,,,1.00,1.00,3259203345646.00,3259203345646.00,100.00%,Argentina,Argentina,CER,No
,Argentina,TZXO7,2026-06-30T00:00:00.000Z,2027-10-29T00:00:00.000Z,2027-10-29T00:00:00.000Z,2026-06-30T00:00:00.000Z,1816,2026-07-27T19:43:19.000Z,94.25,94.25,,2323287367.53,2463599241.00,6.32%,6.47%,0.52%,,1.25,1.16,,92.44%,2.49,GOB ARS ARG Boncer (TZXO7),Títulos Públicos,,,AR0919348364,90/360,ARS,ARS,Nula,Cero,,,,1.00,1.00,506248267965.00,506248267965.00,100.00%,Argentina,Argentina,CER,No
,Argentina,TZXD7,2024-03-15T00:00:00.000Z,2027-12-15T00:00:00.000Z,2027-12-15T00:00:00.000Z,2024-03-15T00:00:00.000Z,1816,2026-07-27T20:00:13.000Z,271.15,271.15,,15999057364.05,5893522096.00,6.82%,6.99%,0.56%,,1.38,1.26,,91.07%,2.87,GOB ARS ARG Boncer (TZXD7),Títulos Públicos,,,AR0611949808,90/360,ARS,ARS,Nula,Cero,,,,1.00,1.00,9092457492943.00,9092457492943.00,100.00%,Argentina,Argentina,CER,No
,Argentina,TMF28,2026-04-20T00:00:00.000Z,2028-02-25T00:00:00.000Z,2028-02-25T00:00:00.000Z,2026-04-20T00:00:00.000Z,1816,2026-07-27T18:53:29.000Z,107.45,99.29,,854781310.45,802589443.00,30.41%,34.05%,2.47%,7.53%,1.58,0.99,,99.35%,2.26,GOB ARS ARG Tamar (TMF28),Títulos Públicos,,,AR0895380514,90/360,ARS,ARS,Nula,Variable,29.31%,6.50%,Tamar,1.00,1.00,9984904027084.00,9984904027084.00,100.00%,Argentina,Argentina,Tamar,No
,Argentina,TZXM8,2026-04-01T00:00:00.000Z,2028-03-31T00:00:00.000Z,2028-03-31T00:00:00.000Z,2026-04-01T00:00:00.000Z,1816,2026-07-27T20:00:10.000Z,98.13,98.13,,24647647912.99,25023204400.00,7.57%,7.79%,0.63%,,1.68,1.48,,88.18%,3.86,GOB ARS ARG Boncer (TZXM8),Títulos Públicos,,,AR0721284450,90/360,ARS,ARS,Nula,Cero,,,,1.00,1.00,17968751970171.00,17968751970171.00,100.00%,Argentina,Argentina,CER,No
,Argentina,TZX28,2024-02-01T00:00:00.000Z,2028-06-30T00:00:00.000Z,2028-06-30T00:00:00.000Z,2024-02-01T00:00:00.000Z,1816,2026-07-27T20:00:23.000Z,347.05,347.05,,24015428416.18,6919367879.00,7.80%,8.03%,0.65%,,1.93,1.66,,86.18%,4.81,GOB ARS ARG Boncer (TZX28),Títulos Públicos,,,AR0404416296,90/360,ARS,ARS,Nula,Cero,,,,1.00,1.00,5339258590368.00,5339258590368.00,100.00%,Argentina,Argentina,CER,No
,Argentina,TMG28,2026-04-30T00:00:00.000Z,2028-08-31T00:00:00.000Z,2028-08-31T00:00:00.000Z,2026-04-30T00:00:00.000Z,1816,2026-07-27T20:00:19.000Z,104.60,97.25,,70121534223.35,66978257423.00,31.73%,35.70%,2.58%,8.85%,2.10,1.11,,97.44%,3.52,GOB ARS ARG Tamar (TMG28),Títulos Públicos,,,AR0175438917,90/360,ARS,ARS,Nula,Variable,29.70%,6.90%,Tamar,1.00,1.00,5393897416760.00,5393897416760.00,100.00%,Argentina,Argentina,Tamar,No
,Argentina,TZXS8,2026-03-31T00:00:00.000Z,2028-09-29T00:00:00.000Z,2028-09-29T00:00:00.000Z,2026-03-31T00:00:00.000Z,1816,2026-07-27T20:00:29.000Z,94.20,94.20,,40476545690.71,44013476654.00,7.87%,8.11%,0.65%,,2.18,1.84,,84.40%,5.89,GOB ARS ARG Boncer (TZXS8),Títulos Públicos,,,AR0667778010,90/360,ARS,ARS,Nula,Cero,,,,1.00,1.00,8908480441478.00,8908480441478.00,100.00%,Argentina,Argentina,CER,No
,Argentina,TX28,2020-09-04T00:00:00.000Z,2028-11-09T00:00:00.000Z,2026-11-09T00:00:00.000Z,2026-05-09T00:00:00.000Z,1816,2026-07-27T20:00:18.000Z,1709.50,3401.33,,253542554.18,14873940.00,6.34%,6.49%,0.53%,,1.24,1.20,2.13%,95.04%,2.49,GOB ARS ARG Boncer (TX28),Títulos Públicos,,,ARARGE3209X6,90/360,ARS,ARS,Semestral,Fijo,2.25%,,,1.00,1.00,75904842660.00,37952421330.00,50.00%,Argentina,Argentina,CER,No
,Argentina,TZXD8,2026-06-30T00:00:00.000Z,2028-12-15T00:00:00.000Z,2028-12-15T00:00:00.000Z,2026-06-30T00:00:00.000Z,1816,2026-07-27T19:48:18.000Z,84.81,84.81,,19846110888.30,23434673411.00,7.79%,8.02%,0.65%,,2.39,1.98,,83.18%,6.90,GOB ARS ARG Boncer (TZXD8),Títulos Públicos,,,AR0695340130,90/360,ARS,ARS,Nula,Cero,,,,1.00,1.00,1801572923754.00,1801572923754.00,100.00%,Argentina,Argentina,CER,No
,Argentina,TZXM9,2026-04-01T00:00:00.000Z,2029-03-28T00:00:00.000Z,2029-03-28T00:00:00.000Z,2026-04-01T00:00:00.000Z,1816,2026-07-27T20:00:23.000Z,89.77,89.77,,2624216657.89,2912751111.00,8.13%,8.38%,0.67%,,2.67,2.15,,80.67%,8.33,GOB ARS ARG Boncer (TZXM9),Títulos Públicos,,,AR0624565625,90/360,ARS,ARS,Nula,Cero,,,,1.00,1.00,906835217496.00,906835217496.00,100.00%,Argentina,Argentina,CER,No
,Argentina,TY30P,2025-06-04T00:00:00.000Z,2030-05-30T00:00:00.000Z,2026-11-30T00:00:00.000Z,2026-05-30T00:00:00.000Z,1816,2026-07-27T19:45:42.000Z,113.05,108.30,,6812160889.12,6026964013.00,25.06%,27.52%,2.05%,,2.50,2.21,27.24%,107.92%,7.25,GOB ARS ARG Bote (TY30P),Títulos Públicos,,,AR0193433734,90/360,ARS,ARS,Semestral,Fijo,29.50%,,,1.00,1.00,1691807339451.00,1691807339451.00,100.00%,Argentina,Argentina,,No
,Argentina,TX31,2022-05-31T00:00:00.000Z,2031-11-30T00:00:00.000Z,2026-11-30T00:00:00.000Z,2026-05-30T00:00:00.000Z,1816,2026-07-27T20:00:12.000Z,1462.00,1455.07,,86769639.72,5929194.00,8.31%,8.57%,0.69%,,2.84,2.73,2.96%,84.65%,10.65,GOB ARS ARG Boncer (TX31),Títulos Públicos,,,ARARGE320CX8,90/360,ARS,ARS,Semestral,Fijo,2.50%,,,1.00,1.00,110944599869.00,110944599869.00,100.00%,Argentina,Argentina,CER,No
,Argentina,DIP0,2003-12-31T00:00:00.000Z,2033-12-31T00:00:00.000Z,2026-12-31T00:00:00.000Z,2026-06-30T00:00:00.000Z,1816,2026-07-27T19:05:41.000Z,48940.00,51131.70,,7598882.20,15543.00,8.20%,8.45%,0.68%,,3.34,3.21,6.11%,92.23%,15.90,GOB ARS ARG Boncer (DIP0),Títulos Públicos,,,ARARGE03G696,90/360,ARS,ARS,Semestral,Step Up,5.83%,,,1.00,1.00,125510513.00,94132884.75,75.00%,Argentina,Argentina,CER,No
,Argentina,DICP,2003-12-31T00:00:00.000Z,2033-12-31T00:00:00.000Z,2026-12-31T00:00:00.000Z,2026-06-30T00:00:00.000Z,1816,2026-07-27T20:00:14.000Z,49050.00,51247.19,,546943259.01,1118922.00,8.13%,8.38%,0.67%,,3.34,3.21,6.10%,92.44%,15.93,GOB ARS ARG Boncer (DICP),Títulos Públicos,,,ARARGE03E121,90/360,ARS,ARS,Semestral,Step Up,5.83%,,,1.00,1.00,4212370224.60,3159277668.45,75.00%,Argentina,Argentina,CER,No
,Argentina,PARP,2003-12-31T00:00:00.000Z,2038-12-31T00:00:00.000Z,2026-09-30T00:00:00.000Z,2026-03-31T00:00:00.000Z,1816,2026-07-27T19:50:01.000Z,36900.00,36578.24,,34751046.94,94258.00,8.23%,8.49%,0.68%,,6.67,6.41,2.68%,66.15%,52.81,GOB ARS ARG Boncer (PARP),Títulos Públicos,,,ARARGE03E105,90/360,ARS,ARS,Semestral,Step Up,1.77%,,,1.00,1.00,2827634626.59,2827634626.59,100.00%,Argentina,Argentina,CER,No
,Argentina,PAP0,2003-12-31T00:00:00.000Z,2038-12-31T00:00:00.000Z,2026-09-30T00:00:00.000Z,2026-03-31T00:00:00.000Z,1816,2026-07-27T19:15:12.000Z,39500.00,39178.24,,47520524.00,125648.00,7.20%,7.40%,0.60%,,6.77,6.53,2.51%,70.81%,54.63,GOB ARS ARG Boncer (PAP0),Títulos Públicos,,,ARARGE03G712,90/360,ARS,ARS,Semestral,Step Up,1.77%,,,1.00,1.00,11245518.00,11245518.00,100.00%,Argentina,Argentina,CER,No
,Argentina,CUAP,2003-12-31T00:00:00.000Z,2045-12-31T00:00:00.000Z,2026-12-31T00:00:00.000Z,2026-06-30T00:00:00.000Z,1816,2026-07-27T19:53:52.000Z,47140.00,33805.29,,141811607.40,300734.00,7.82%,8.05%,0.65%,,10.43,10.03,5.43%,61.06%,131.56,GOB ARS ARG Boncer (CUAP),Títulos Públicos,,,ARARGE03E139,90/360,ARS,ARS,Semestral,Step Up,3.31%,,,1.00,1.00,23434050685.00,23434050685.00,100.00%,Argentina,Argentina,CER,No